{
  "info": {
    "name": "CAMS Notifications - Product",
    "schema": "https://schema.getpostman.com/json/collection/v2.1.0/collection.json"
  },
  "item": [
    {
      "name": "Health (8091)",
      "request": {
        "method": "GET",
        "url": {
          "raw": "http://localhost:8091/api/order/health",
          "protocol": "http",
          "host": [
            "localhost"
          ],
          "port": "8091",
          "path": [
            "api",
            "order",
            "health"
          ]
        }
      }
    },
    {
      "name": "Order Notify (8091)",
      "request": {
        "method": "POST",
        "header": [
          {
            "key": "Content-Type",
            "value": "application/json"
          }
        ],
        "url": {
          "raw": "http://localhost:8091/api/order/notify",
          "protocol": "http",
          "host": [
            "localhost"
          ],
          "port": "8091",
          "path": [
            "api",
            "order",
            "notify"
          ]
        },
        "body": {
          "mode": "raw",
          "raw": "{\n  \"customerName\": \"John Doe\",\n  \"email\": \"your_email@example.com\",\n  \"orderId\": \"ORD-1001\",\n  \"productName\": \"USB-C Cable\",\n  \"quantity\": 2,\n  \"price\": 199.99\n}"
        }
      }
    }
  ]
}