{
  "info": {
    "name": "CAMS Notifications - Register & Product",
    "_postman_id": "c8b2f3a2-1b83-4f02-8a5b-1234567890ab",
    "description": "Test APIs for registration and product order notifications",
    "schema": "https://schema.getpostman.com/json/collection/v2.1.0/collection.json"
  },
  "item": [
    {
      "name": "Register (8090)",
      "request": {
        "method": "POST",
        "header": [
          {
            "key": "Content-Type",
            "value": "application/json"
          }
        ],
        "url": {
          "raw": "http://localhost:8090/api/register",
          "protocol": "http",
          "host": [
            "localhost"
          ],
          "port": "8090",
          "path": [
            "api",
            "register"
          ]
        },
        "body": {
          "mode": "raw",
          "raw": "{\n  \"username\": \"john_doe\",\n  \"phoneNumber\": \"9876543210\",\n  \"email\": \"your_email@example.com\",\n  \"password\": \"Strong@123\",\n  \"confirmPassword\": \"Strong@123\"\n}"
        }
      }
    },
    {
      "name": "Order Notify (8091)",
      "request": {
        "method": "POST",
        "header": [
          {
            "key": "Content-Type",
            "value": "application/json"
          }
        ],
        "url": {
          "raw": "http://localhost:8091/api/order/notify",
          "protocol": "http",
          "host": [
            "localhost"
          ],
          "port": "8091",
          "path": [
            "api",
            "order",
            "notify"
          ]
        },
        "body": {
          "mode": "raw",
          "raw": "{\n  \"customerName\": \"John Doe\",\n  \"email\": \"your_email@example.com\",\n  \"orderId\": \"ORD-1001\",\n  \"productName\": \"USB-C Cable\",\n  \"quantity\": 2,\n  \"price\": 199.99\n}"
        }
      }
    }
  ]
}